City,Lat,Lng,Max Temp,Humidity,Cloudiness,Wind Speed,Desc,Country
Bathsheba,13.2167,-59.5167,85.46,69,15,12.82,few clouds,BB
Adre,13.4667,22.2,79.38,63,53,16.37,broken clouds,TD
Vestmannaeyjar,63.4427,-20.2734,51.24,84,99,11.23,overcast clouds,IS
Ilulissat,69.2167,-51.1,46.42,81,100,10.36,light rain,GL
Nanortalik,60.1432,-45.2371,44.96,86,21,10.98,few clouds,GL
Port Alfred,-33.5906,26.891,54.18,82,7,3.0,clear sky,ZA
Ushuaia,-54.8,-68.3,43.79,66,11,2.37,few clouds,AR
Gidole,5.65,37.3667,63.97,56,97,2.37,overcast clouds,ET
Busselton,-33.65,115.3333,58.87,88,91,20.2,light rain,AU
Jamestown,42.097,-79.2353,71.24,83,75,9.22,broken clouds,US
Camacha,33.0833,-16.3333,74.62,69,20,17.27,few clouds,PT
Mahebourg,-20.4081,57.7,69.26,70,6,12.75,clear sky,MU
Kavaratti,10.5669,72.642,80.55,85,100,13.51,overcast clouds,IN
Vite,17.2833,74.55,71.22,97,100,16.55,light rain,IN
Cape Town,-33.9258,18.4232,59.41,60,0,14.97,clear sky,ZA
Bredasdorp,-34.5322,20.0403,50.52,75,35,7.72,scattered clouds,ZA
Cidreira,-30.1811,-50.2056,60.73,81,96,12.73,overcast clouds,BR
Punta Arenas,-53.15,-70.9167,48.11,49,24,6.76,few clouds,CL
Uray,60.1247,64.7758,47.03,66,83,6.22,broken clouds,RU
Tutoia,-2.7619,-42.2744,85.46,61,98,16.22,overcast clouds,BR
Tasiilaq,65.6145,-37.6368,57.36,54,22,7.76,few clouds,GL
Wilmington,34.2257,-77.9447,91.31,62,96,5.99,overcast clouds,US
Gat,31.61,34.7642,80.82,100,0,5.61,clear sky,IL
Zapolyarnyy,69.4154,30.8136,42.08,88,92,10.51,overcast clouds,RU
Ribeira Grande,38.5167,-28.7,75.6,88,75,9.22,light rain,PT
Coxim,-18.5067,-54.76,104.36,14,4,9.44,clear sky,BR
Yambio,4.5721,28.3955,69.78,93,100,4.03,overcast clouds,SS
Kedrovyy,56.1667,91.8167,43.21,95,98,10.85,overcast clouds,RU
Hambantota,6.1241,81.1185,78.91,81,75,16.46,broken clouds,LK
Mglin,53.0591,32.8475,49.82,85,97,12.06,overcast clouds,RU
Qaanaaq,77.484,-69.3632,37.8,96,100,6.29,overcast clouds,GL
Port Elizabeth,-33.918,25.5701,57.31,70,4,15.99,clear sky,ZA
Sistranda,63.7256,8.834,58.96,75,99,14.25,overcast clouds,NO
Wloszczowa,50.8526,19.9659,59.4,58,12,5.44,few clouds,PL
Conceicao Do Araguaia,-8.2578,-49.2647,105.67,13,96,10.04,overcast clouds,BR
Longyearbyen,78.2186,15.6401,35.44,80,75,10.36,broken clouds,SJ
Bermeo,43.4209,-2.7215,93.4,58,98,17.43,overcast clouds,ES
Ponta Do Sol,32.6667,-17.1,79.0,78,92,14.38,overcast clouds,PT
Honningsvag,70.9821,25.9704,42.55,65,100,8.05,overcast clouds,NO
Coihaique,-45.5752,-72.0662,42.94,91,100,1.92,overcast clouds,CL
Ostrovnoy,68.0531,39.5131,47.68,92,100,11.16,overcast clouds,RU
Thinadhoo,0.5333,72.9333,82.45,71,5,9.17,clear sky,MV
Mar Del Plata,-38.0023,-57.5575,58.95,74,99,10.0,overcast clouds,AR
Falavarjan,32.5553,51.5097,76.21,20,1,12.82,clear sky,IR
Tessalit,20.1986,1.0114,103.82,8,51,5.44,broken clouds,ML
Mariental,-24.6333,17.9667,69.48,14,33,11.97,scattered clouds,NA
Kolaras,25.2333,77.6,75.72,89,45,8.75,scattered clouds,IN
Sao Joao Da Barra,-21.6403,-41.0511,71.19,71,90,9.78,overcast clouds,BR
Koungou,-12.7336,45.2042,74.91,83,100,4.61,overcast clouds,YT
Saldanha,-33.0117,17.9442,54.86,73,0,19.69,clear sky,ZA
Matara,5.9485,80.5353,76.37,92,56,7.16,broken clouds,LK
Pitimbu,-7.4706,-34.8086,79.63,67,39,13.33,scattered clouds,BR
Najran,17.4924,44.1277,86.14,14,79,9.82,broken clouds,SA
Torbay,47.6666,-52.7314,61.75,97,100,12.66,light rain,CA
Sinop,41.7711,34.8709,60.6,86,99,4.43,overcast clouds,TR
Richards Bay,-28.783,32.0377,64.49,79,100,8.08,light rain,ZA
Cabedelo,-6.9811,-34.8339,79.97,64,18,14.25,few clouds,BR
Sur,22.5667,59.5289,87.19,62,30,11.7,scattered clouds,OM
Trairi,-3.2778,-39.2689,86.18,55,53,16.93,broken clouds,BR
Takoradi,4.8845,-1.7554,77.72,76,85,12.88,overcast clouds,GH
Mount Pleasant,32.7941,-79.8626,87.98,75,0,6.91,clear sky,US
Tahoua,14.8888,5.2692,93.96,37,48,7.4,scattered clouds,NE
Salmas,38.1973,44.7653,69.31,35,19,1.72,few clouds,IR
Rognan,67.0953,15.3878,52.88,77,100,3.58,overcast clouds,NO
Husavik,66.0449,-17.3389,56.71,52,41,0.98,scattered clouds,IS
Boende,-0.2167,20.8667,73.08,93,85,1.83,light rain,CD
Margate,51.3813,1.3862,73.87,56,94,4.0,overcast clouds,GB
Plerin,48.5425,-2.7798,70.12,73,0,9.22,clear sky,FR
Mayor Pablo Lagerenza,-19.9309,-60.7718,81.45,27,94,8.55,overcast clouds,PY
Eyl,7.9803,49.8164,78.66,77,59,22.91,broken clouds,SO
Altamira,-3.2033,-52.2064,100.22,24,30,3.18,scattered clouds,BR
Ivaipora,-24.2478,-51.6847,73.4,69,97,2.04,overcast clouds,BR
Dingle,10.9995,122.6711,75.38,89,32,2.57,scattered clouds,PH
Hermanus,-34.4187,19.2345,54.81,68,27,5.3,scattered clouds,ZA
Belmonte,-15.8631,-38.8828,78.19,50,32,6.46,scattered clouds,BR
Lagoa,39.05,-27.9833,71.38,78,67,10.04,broken clouds,PT
Acandi,8.5063,-77.2778,83.3,78,67,4.56,broken clouds,CO
Micomeseng,2.1462,10.6164,72.81,90,89,3.89,light rain,GQ
New Haven,41.4001,-72.9329,76.57,80,100,3.44,overcast clouds,US
Sayyan,15.1718,44.3244,71.22,29,79,10.0,broken clouds,YE
Saint George,37.1041,-113.5841,80.44,54,88,2.24,overcast clouds,US
Miraflores,19.2167,-98.8083,66.97,55,67,3.67,broken clouds,MX
Huarmey,-10.0681,-78.1522,66.24,70,86,11.61,overcast clouds,PE
Dikson,73.5069,80.5464,38.03,69,100,22.7,light rain,RU
Salalah,17.0151,54.0924,79.79,88,79,5.79,broken clouds,OM
Bambous Virieux,-20.3428,57.7575,69.22,70,8,12.66,clear sky,MU
Georgetown,5.4112,100.3354,81.9,84,20,2.3,few clouds,MY
Pindiga,9.9833,10.9333,77.79,79,29,7.49,scattered clouds,NG
Tazovskiy,67.4667,78.7,36.55,82,63,10.33,broken clouds,RU
Patrocinio,-18.9439,-46.9925,90.52,18,11,10.18,few clouds,BR
Fort-Shevchenko,44.5086,50.263,72.25,43,0,14.43,clear sky,KZ
Thompson,55.7435,-97.8558,54.16,44,58,11.25,broken clouds,CA
Nizip,37.0097,37.7942,82.53,26,0,14.07,clear sky,TR
Sarkand,45.41,79.9186,53.55,43,98,2.84,overcast clouds,KZ
Hithadhoo,-0.6,73.0833,82.38,70,2,9.13,clear sky,MV
Iralaya,15.0,-83.2333,86.23,68,34,8.08,scattered clouds,HN
Qaqortoq,60.7167,-46.0333,47.79,76,75,9.28,broken clouds,GL
Panjab,34.388,67.0233,55.96,49,59,5.08,broken clouds,AF
Saint-Philippe,-21.3585,55.7679,69.39,72,43,9.71,scattered clouds,RE
Yar-Sale,66.8333,70.8333,43.86,93,100,12.57,light rain,RU
Castro,-24.7911,-50.0119,66.27,78,95,3.24,overcast clouds,BR
Bage,-31.3314,-54.1069,64.54,64,77,8.08,broken clouds,BR
Derveni,38.1333,22.4167,81.0,61,1,0.96,clear sky,GR
Souillac,-20.5167,57.5167,70.07,71,6,11.63,clear sky,MU
Tsaratanana,-16.7833,47.65,70.16,50,60,9.78,broken clouds,MG
Hamilton,39.1834,-84.5333,71.26,60,22,7.0,few clouds,US
Ales,44.1333,4.0833,79.7,63,14,6.89,few clouds,FR
Scunthorpe,53.579,-0.6544,67.5,52,100,7.0,light rain,GB
Carnarvon,-24.8667,113.6333,68.16,80,8,19.17,clear sky,AU
Vangazi,57.0936,24.5486,53.38,90,100,3.89,overcast clouds,LV
Codrington,-38.2667,141.9667,43.84,76,76,3.24,broken clouds,AU
Sidi Ali,36.0998,0.4206,93.11,35,41,10.18,scattered clouds,DZ
Amapa,1.0,-52.0,96.55,30,6,3.47,clear sky,BR
Chintamani,13.4,78.0667,70.14,78,100,14.29,overcast clouds,IN
Upernavik,72.7868,-56.1549,40.71,97,100,3.6,light rain,GL
Sao Filipe,14.8961,-24.4956,80.19,75,60,12.33,broken clouds,CV
Nador,35.174,-2.9287,77.25,83,75,14.97,broken clouds,MA
Sergeyevka,53.88,67.4158,47.98,61,94,1.19,overcast clouds,KZ
Reguengos De Monsaraz,38.4253,-7.5349,75.13,59,100,17.87,overcast clouds,PT
Les Cayes,18.2,-73.75,86.7,64,100,10.0,overcast clouds,HT
Lima,-12.0432,-77.0282,68.9,68,74,8.41,broken clouds,PE
Sosnovskoye,55.8052,43.167,46.65,60,85,7.23,overcast clouds,RU
Palmares Do Sul,-30.2578,-50.5097,65.03,70,99,5.75,overcast clouds,BR
Sumbe,-11.2061,13.8437,72.68,78,1,6.35,clear sky,AO
Muros,42.7762,-9.0603,73.17,83,99,10.69,overcast clouds,ES
Chuy,-33.6971,-53.4616,61.75,71,89,8.93,overcast clouds,UY
Marbella,36.5154,-4.8858,82.08,33,100,7.38,light rain,ES
Cabanas,22.9758,-82.9219,88.59,59,36,7.09,scattered clouds,CU
Tchollire,8.4022,14.1698,75.96,89,40,4.09,light rain,CM
Torres,-29.3353,-49.7269,64.51,75,90,7.63,overcast clouds,BR
Bandarbeyla,9.4942,50.8122,77.81,83,76,30.44,broken clouds,SO
Kismayo,-0.3582,42.5454,75.92,82,67,16.75,broken clouds,SO
Bud,39.447,-86.1758,68.76,72,59,11.72,broken clouds,US
Grindavik,63.8424,-22.4338,50.47,87,100,14.97,overcast clouds,IS
Victoria,22.2855,114.1577,88.18,63,2,4.0,clear sky,HK
East London,-33.0153,27.9116,60.6,60,12,17.16,few clouds,ZA
Narsaq,60.9167,-46.05,53.82,67,94,4.74,overcast clouds,GL
Luderitz,-26.6481,15.1594,66.18,44,38,27.31,scattered clouds,NA
Road Town,18.4167,-64.6167,87.89,79,40,8.05,scattered clouds,VG
Chemal,51.4111,86.005,43.95,95,87,1.5,overcast clouds,RU
Pimenta Bueno,-11.6725,-61.1936,100.96,22,38,4.61,scattered clouds,BR
Alenquer,-1.9417,-54.7383,98.04,31,22,6.87,few clouds,BR
Klaksvik,62.2266,-6.589,52.72,97,87,18.01,overcast clouds,FO
Floresti,47.8933,28.3014,52.61,82,99,14.65,overcast clouds,MD
Kulhudhuffushi,6.6221,73.07,80.51,82,6,8.81,clear sky,MV
Roald,62.5833,6.1333,61.72,77,75,9.22,broken clouds,NO
Namibe,-15.1961,12.1522,64.38,85,52,9.17,broken clouds,AO
Derzhavinsk,51.1,66.3167,52.97,50,73,4.59,broken clouds,KZ
Lieksa,63.3167,30.0167,54.95,68,100,6.38,overcast clouds,FI
San Juan De Arama,3.3464,-73.8894,87.51,53,26,3.94,scattered clouds,CO
Axim,4.8699,-2.2405,76.15,79,83,10.29,broken clouds,GH
Abbeyfeale,52.3814,-9.3025,64.11,87,100,7.31,overcast clouds,IE
Koygorodok,60.445,50.9968,47.52,79,100,3.94,overcast clouds,RU
Bhuvanagiri,11.4667,79.6333,81.46,77,66,17.18,broken clouds,IN
Cayenne,4.9333,-52.3333,87.84,55,75,12.66,broken clouds,GF
Carutapera,-1.195,-46.02,84.42,67,94,8.3,overcast clouds,BR
Faya,18.3851,42.4509,77.52,32,100,4.83,overcast clouds,SA
Iisalmi,63.5592,27.1907,50.68,73,100,3.91,overcast clouds,FI
Niquero,20.0431,-77.5828,87.93,61,81,0.85,broken clouds,CU
Jaque,7.5175,-78.1703,80.82,83,39,6.29,light rain,PA
Itarema,-2.9248,-39.9167,87.35,56,73,18.59,broken clouds,BR
Imbituba,-28.24,-48.6703,63.86,94,100,14.12,overcast clouds,BR
Arraial Do Cabo,-22.9661,-42.0278,71.46,68,100,13.8,overcast clouds,BR
Poykovskiy,61.2333,73.3333,44.89,81,0,6.71,clear sky,RU
Pangnirtung,66.1451,-65.7125,42.78,95,100,4.97,overcast clouds,CA
Igunga,-4.2833,33.8833,85.95,23,83,3.24,broken clouds,TZ
Clyde River,70.4692,-68.5914,38.41,96,100,3.89,overcast clouds,CA
Jalu,29.0331,21.5482,92.43,28,0,15.32,clear sky,LY
Riberalta,-10.9833,-66.1,96.37,34,80,4.23,broken clouds,BO
Mecca,21.4267,39.8261,93.33,43,62,4.23,broken clouds,SA
Sao Domingos,-13.3983,-46.3183,98.19,12,20,5.48,few clouds,BR
Pangody,65.85,74.4859,42.46,76,99,8.9,overcast clouds,RU
Saint-Augustin,51.226,-58.6502,72.63,40,0,9.46,clear sky,CA
Kasongo,-4.45,26.6667,77.02,63,71,3.96,broken clouds,CD
Wladyslawowo,54.7909,18.4009,57.94,65,30,6.29,scattered clouds,PL
Schagen,52.7875,4.7986,73.96,66,100,9.22,overcast clouds,NL
Asosa,10.0667,34.5333,61.16,96,53,2.55,light rain,ET
Inhambane,-23.865,35.3833,72.21,83,3,11.03,clear sky,MZ
Malanje,-9.5402,16.341,83.23,29,51,4.54,broken clouds,AO
Westport,41.1415,-73.3579,76.41,88,100,4.61,overcast clouds,US
Nouakchott,18.0858,-15.9785,90.82,58,61,2.91,broken clouds,MR
Alice Town,25.7167,-79.3,84.36,67,1,3.47,clear sky,BS
Vila Franca Do Campo,37.7167,-25.4333,78.19,74,20,12.86,few clouds,PT
Grand-Santi,4.25,-54.3833,96.58,37,10,2.46,clear sky,GF
Sinnamary,5.3833,-52.95,83.77,69,9,9.22,clear sky,GF
Taoudenni,22.6783,-3.9836,110.95,9,8,9.57,clear sky,ML
Atar,20.5169,-13.0499,103.89,20,34,8.95,scattered clouds,MR
Kudahuvadhoo,2.6708,72.8944,81.99,73,38,9.15,scattered clouds,MV
Maldonado,-34.6667,-54.9167,61.99,63,92,7.65,overcast clouds,UY
Manta,-0.95,-80.7333,76.78,73,100,4.61,overcast clouds,EC
Vardo,70.3705,31.1107,42.78,87,75,9.22,broken clouds,NO
Ostersund,63.1792,14.6357,56.61,71,0,12.66,clear sky,SE
Solwezi,-12.1688,26.3894,73.85,25,25,4.03,scattered clouds,ZM
The Valley,18.217,-63.0578,87.82,70,20,12.66,few clouds,AI
Kotar,24.7167,80.9833,76.75,92,75,7.27,broken clouds,IN
Kajaani,64.2273,27.7285,53.65,76,40,4.61,scattered clouds,FI
Lethem,3.3803,-59.7968,91.31,49,35,4.94,scattered clouds,GY
Lidice,8.75,-79.9,83.08,64,74,4.52,broken clouds,PA
Ayni,39.3941,68.5377,61.07,48,35,1.74,scattered clouds,TJ
Venice,27.0998,-82.4543,92.14,82,0,10.36,light rain,US
Pampierstad,-27.7832,24.6877,60.44,15,70,11.12,broken clouds,ZA
Asfi,32.2994,-9.2372,71.24,88,100,16.4,overcast clouds,MA
Mantena,-18.7817,-40.9803,78.69,57,98,8.72,overcast clouds,BR
Bam,29.106,58.357,86.04,26,89,7.34,overcast clouds,IR
Gamba,-2.65,10.0,76.3,75,47,9.35,scattered clouds,GA
Quatre Cocos,-20.2078,57.7625,69.1,70,11,12.59,few clouds,MU
Reconquista,-29.15,-59.65,73.26,29,0,8.48,clear sky,AR
Atasu,48.6814,71.6433,48.34,45,33,6.91,scattered clouds,KZ
Letlhakeng,-24.0944,25.0298,77.41,13,0,13.62,clear sky,BW
Gorele,41.0308,39.0031,70.79,87,31,9.8,scattered clouds,TR
Nacala,-14.5428,40.6728,73.76,76,39,6.06,scattered clouds,MZ
Morondava,-20.2833,44.2833,74.05,74,1,11.65,clear sky,MG
Likhoslavl,57.1275,35.464,47.88,80,100,6.53,overcast clouds,RU
Hualmay,-11.0964,-77.6139,64.54,72,71,11.77,broken clouds,PE
Chokwe,-24.5333,32.9833,68.74,79,75,11.97,broken clouds,MZ
Tombouctou,20.0,-3.0,106.74,12,80,6.08,broken clouds,ML
Maceio,-9.6658,-35.7353,81.84,65,75,11.5,broken clouds,BR
Shache,38.4167,77.2406,81.72,14,100,6.8,overcast clouds,CN
Macaubas,-13.0194,-42.6986,92.64,10,23,7.52,few clouds,BR
Antofagasta,-23.65,-70.4,61.11,70,49,10.38,scattered clouds,CL
Rimouski,48.4488,-68.524,65.88,74,71,5.39,broken clouds,CA
Nosy Varika,-20.5833,48.5333,68.45,82,20,8.32,few clouds,MG
Brindisi,40.5833,17.6667,77.79,51,0,14.18,clear sky,IT
Badalona,41.45,2.2474,90.48,79,20,10.36,few clouds,ES
Storforshei,66.4043,14.5233,51.66,87,0,0.0,clear sky,NO
Banos,-1.4,-78.4167,78.01,43,18,6.69,few clouds,EC
Aswan,24.0934,32.907,97.05,14,0,12.06,clear sky,EG
Durham,36.0335,-78.8664,89.44,69,40,1.99,scattered clouds,US
Arona,28.0996,-16.681,77.99,82,20,6.91,few clouds,ES
Praia,14.9215,-23.5087,81.37,74,69,13.89,broken clouds,CV
Walvis Bay,-22.9575,14.5053,56.08,70,11,14.38,few clouds,NA
Maua,-23.6678,-46.4614,67.75,76,85,10.42,overcast clouds,BR
Agirish,61.9247,63.0231,42.91,83,65,5.77,broken clouds,RU
Jacareacanga,-6.2222,-57.7528,105.04,18,22,3.53,few clouds,BR
Kaduqli,11.0167,29.7167,75.97,82,78,5.35,light rain,SD
Itamaraju,-17.0392,-39.5311,85.17,34,1,9.71,clear sky,BR
Visnes,59.3556,5.2242,60.85,82,75,13.8,broken clouds,NO
Peniche,39.3558,-9.3811,74.1,84,45,23.6,scattered clouds,PT
Bayir,37.2687,28.2167,75.72,50,0,8.25,clear sky,TR
Bubaque,11.2833,-15.8333,79.03,82,87,14.2,overcast clouds,GW
Mangrol,21.1167,70.1167,80.83,87,100,14.07,heavy intensity rain,IN
Sturgeon Bay,44.8342,-87.377,62.96,100,100,4.61,moderate rain,US
Gardiner,44.2301,-69.7753,83.88,62,0,8.05,clear sky,US
Bonavista,48.6499,-53.1147,58.1,98,100,18.86,light rain,CA
Manitowoc,44.0667,-87.8001,66.76,76,100,9.22,overcast clouds,US
Maun,-19.9833,23.4167,78.66,8,0,7.85,clear sky,BW
Warrington,53.3925,-2.5802,65.62,94,75,6.91,broken clouds,GB
Alta Floresta,-9.8756,-56.0861,105.21,12,25,1.77,scattered clouds,BR
Dwarka,22.2394,68.9678,82.26,83,100,16.69,moderate rain,IN
Monrovia,6.3005,-10.7969,79.72,75,74,11.27,broken clouds,LR
Malaya Vishera,58.8454,32.2222,50.2,76,100,3.67,overcast clouds,RU
Semikarakorsk,47.5194,40.8112,64.35,73,97,14.61,overcast clouds,RU
Puerto Leguizamo,-0.1934,-74.7819,95.25,39,7,0.81,clear sky,CO
Urubicha,-15.3833,-62.95,89.71,38,85,3.27,overcast clouds,BO
Marienburg,54.0359,19.0266,56.88,69,2,6.38,clear sky,PL
Tupa,-21.9347,-50.5136,94.23,24,32,2.39,scattered clouds,BR
Buraydah,26.326,43.975,98.22,8,18,8.86,few clouds,SA
Tromso,69.6496,18.957,47.37,70,20,10.36,few clouds,NO
Saint-Joseph,-21.3667,55.6167,68.38,71,45,9.84,scattered clouds,RE
Cap Malheureux,-19.9842,57.6142,69.48,70,7,3.0,clear sky,MU
Bonthe,7.5264,-12.505,79.93,77,80,12.33,broken clouds,SL
Beyneu,45.3167,55.2,66.36,31,28,11.34,scattered clouds,KZ
Posse,-14.0931,-46.3694,95.81,12,32,5.26,scattered clouds,BR
Ullubiyaul,42.5969,47.7182,71.37,83,2,14.45,clear sky,RU
Xai-Xai,-25.0519,33.6442,70.23,80,96,16.22,overcast clouds,MZ
Rabo De Peixe,37.8,-25.5833,77.27,67,20,13.8,few clouds,PT
Washington,47.5001,-120.5015,82.15,26,99,3.24,overcast clouds,US
Abu Samrah,35.3029,37.1841,81.97,37,0,13.13,clear sky,SY
Gus-Zheleznyy,55.0581,41.1656,53.28,52,87,7.7,overcast clouds,RU
Elizabeth City,36.2946,-76.2511,87.82,72,98,5.99,overcast clouds,US
Iqaluit,63.7506,-68.5145,45.7,75,93,20.0,overcast clouds,CA
Cesky Dub,50.6605,14.9962,62.56,70,98,3.18,overcast clouds,CZ
Kathmandu,27.7167,85.3167,71.82,83,75,3.44,broken clouds,NP
Berlevag,70.8578,29.0864,42.75,70,40,4.61,scattered clouds,NO
Lakshettipet,18.8667,79.2167,77.63,92,100,9.4,overcast clouds,IN
Ambanja,-13.6833,48.45,75.25,73,55,2.06,light rain,MG
Kostomuksha,64.571,30.5767,48.58,77,100,5.46,overcast clouds,RU
Palamos,41.8484,3.1291,85.6,69,100,1.99,overcast clouds,ES
Sechura,-5.5569,-80.8222,74.55,56,62,12.12,broken clouds,PE
Saint Anthony,45.0205,-93.218,72.93,49,0,13.8,clear sky,US
Charlestown,-32.95,151.6667,54.68,78,90,3.0,overcast clouds,AU
Lebu,-37.6167,-73.65,54.09,62,81,7.2,broken clouds,CL
Saint-Pierre,-21.3393,55.4781,69.48,73,75,9.22,broken clouds,RE
Novaya Lyada,52.7131,41.6387,55.2,59,100,9.84,overcast clouds,RU
Ballina,-28.8667,153.5667,59.02,98,79,11.16,broken clouds,AU
Moi,58.4567,6.5518,60.39,99,100,5.48,light rain,NO
Miranda,3.2499,-76.2281,82.53,54,51,3.71,broken clouds,CO
Vicuna,-30.0319,-70.7081,73.78,32,0,7.99,clear sky,CL
Rawson,-43.3002,-65.1023,51.64,62,14,17.36,few clouds,AR
Quilpue,-33.045,-71.4494,59.68,76,20,11.5,few clouds,CL
Mattru,7.6244,-11.8332,79.54,82,91,6.6,light rain,SL
Orje,59.4802,11.6602,56.84,82,100,8.14,light rain,NO
Pozo Colorado,-23.4923,-58.7972,71.02,40,100,3.22,overcast clouds,PY
Diego De Almagro,-26.3667,-70.05,70.29,15,0,10.98,clear sky,CL
Nuuk,64.1835,-51.7216,47.01,93,75,8.05,fog,GL
Iquique,-20.2208,-70.1431,60.84,68,74,9.86,broken clouds,CL
Bria,6.5423,21.9863,70.5,92,100,2.3,overcast clouds,CF
Mazyr,52.0495,29.2456,50.09,97,100,7.67,overcast clouds,BY
Birin,26.8865,88.0718,61.25,95,100,4.18,moderate rain,NP
Alexandria,31.2156,29.9553,80.58,73,0,11.9,clear sky,EG
Akkermanovka,51.2467,58.2391,51.69,46,100,5.37,overcast clouds,RU
Paamiut,61.994,-49.6678,41.54,94,74,4.07,broken clouds,GL
Lincoln,40.8,-96.667,80.15,39,0,5.01,clear sky,US
Port Blair,11.6667,92.75,81.3,80,99,7.14,overcast clouds,IN
Sao Gabriel Da Cachoeira,-0.1303,-67.0892,84.99,73,81,5.19,broken clouds,BR
Chicama,-7.8447,-79.1469,61.34,59,60,10.27,broken clouds,PE
Moroceli,14.1167,-86.8667,86.83,52,74,3.24,broken clouds,HN
Houma,29.5958,-90.7195,89.6,69,40,3.44,scattered clouds,US
Chadiza,-14.0678,32.4392,76.01,20,4,5.08,clear sky,ZM
Saint-Raphael,19.4333,-72.2,88.84,49,11,4.97,few clouds,HT
Turukhansk,65.8167,87.9833,39.6,97,100,8.52,light rain,RU
Guzelyurt,38.2772,34.3719,70.23,25,4,4.92,clear sky,TR
Ginda,30.6945,78.4932,62.42,89,0,3.89,clear sky,IN
Riyadh,24.6877,46.7219,96.94,9,46,7.14,scattered clouds,SA
Hospet,15.2667,76.4,72.88,84,100,21.16,overcast clouds,IN
Lakhdenpokhya,61.5198,30.1992,52.21,74,100,6.53,overcast clouds,RU
Porbandar,21.6422,69.6093,81.27,87,100,16.82,very heavy rain,IN
Impfondo,1.6381,18.0667,73.69,89,86,2.33,overcast clouds,CG
Odesskoye,54.2111,72.9651,47.75,52,92,3.74,overcast clouds,RU
Guane,22.2025,-84.0875,90.77,53,49,6.35,scattered clouds,CU
Ancud,-41.8697,-73.8203,53.22,67,100,2.75,overcast clouds,CL
Harper,4.375,-7.7169,77.04,80,97,9.22,overcast clouds,LR
Lasa,46.6166,10.7002,65.35,55,71,1.92,broken clouds,IT
Barranca,-10.75,-77.7667,64.0,72,81,12.15,broken clouds,PE
Kyshtovka,56.555,76.6271,41.4,68,93,3.8,overcast clouds,RU
Vrede,-27.4257,29.1659,52.23,77,84,13.69,broken clouds,ZA
Port-Gentil,-0.7193,8.7815,76.35,80,13,12.57,few clouds,GA
Pachino,36.7186,15.0907,78.58,64,6,6.49,clear sky,IT
Porto Santo,33.072,-16.3415,77.38,69,20,17.27,few clouds,PT
Urucara,-2.5364,-57.76,102.94,23,58,4.07,light rain,BR
Stolin,51.8912,26.846,50.59,95,100,7.02,overcast clouds,BY
Komsomolskiy,40.4272,71.7189,57.92,77,93,6.91,overcast clouds,UZ
Bela,25.9333,81.9833,78.57,88,51,17.13,moderate rain,IN
Kushchevskaya,46.5564,39.6386,68.97,71,99,4.92,overcast clouds,RU
Coquimbo,-29.9533,-71.3436,60.53,63,0,12.66,clear sky,CL
Uribia,11.7139,-72.266,90.16,51,87,5.57,overcast clouds,CO
Comodoro Rivadavia,-45.8667,-67.5,51.66,54,0,11.5,clear sky,AR
Salym,60.0625,71.4789,40.26,75,66,4.54,broken clouds,RU
Gumdag,39.2061,54.5906,75.02,15,0,23.91,clear sky,TM
Loharu,28.45,75.8167,86.92,54,26,6.6,scattered clouds,IN
Mangaratiba,-22.9597,-44.0406,73.2,71,63,10.56,broken clouds,BR
Harbour Breton,47.4833,-55.7983,61.02,87,98,20.8,overcast clouds,CA
Senneterre,48.3835,-77.2328,65.43,79,87,2.24,overcast clouds,CA
Ulcinj,41.9294,19.2244,79.02,58,0,10.94,clear sky,ME
Mandal,25.45,74.5667,82.35,68,99,7.25,overcast clouds,IN
Murgab,37.4966,61.9714,64.81,21,0,9.84,clear sky,TM
Chapais,49.7834,-74.8492,58.78,53,74,2.04,broken clouds,CA
Nara,34.6851,135.8049,80.49,61,57,3.78,broken clouds,JP
Rosita,13.9268,-84.4032,91.22,52,52,4.18,broken clouds,NI
Gagesti,46.3333,27.9667,56.35,66,34,10.87,scattered clouds,RO
Rio Grande,-32.035,-52.0986,66.31,78,89,8.14,overcast clouds,BR
Necochea,-38.5473,-58.7368,64.11,38,100,5.46,overcast clouds,AR
Balkanabat,39.5108,54.3671,76.28,15,0,20.65,clear sky,TM
Neokhorion,41.1833,23.25,72.93,39,9,7.52,clear sky,GR
Keti Bandar,24.1447,67.4497,82.94,85,100,13.24,overcast clouds,PK
Moyale,3.5167,39.0584,75.02,42,71,7.47,broken clouds,KE
Kangaatsiaq,68.3065,-53.4641,41.67,93,100,26.08,moderate rain,GL
Omboue,-1.5746,9.2618,76.87,73,10,9.51,clear sky,GA
Nagapattinam,10.7667,79.8333,81.36,81,56,15.43,broken clouds,IN
Jega,12.2175,4.3792,83.61,74,99,4.79,overcast clouds,NG
Benavente,42.0025,-5.6783,73.27,38,100,21.36,overcast clouds,ES
Cervo,43.6702,-7.4101,71.96,78,100,6.33,overcast clouds,ES
Kruisfontein,-34.0033,24.7314,52.88,70,0,11.12,clear sky,ZA
Maltahohe,-24.8333,16.9833,66.24,15,43,12.57,scattered clouds,NA
Kalikino,52.9493,39.8269,50.63,85,100,11.72,light rain,RU
Tabas,33.5959,56.9244,80.17,18,0,8.32,clear sky,IR
Cockburn Town,21.4612,-71.1419,83.35,74,15,9.24,few clouds,TC
Iquitos,-3.7481,-73.2472,91.44,58,40,6.91,scattered clouds,PE
Bousso,10.4795,16.7117,74.01,94,89,19.62,very heavy rain,TD
Constitucion,-35.3333,-72.4167,55.56,64,41,5.91,scattered clouds,CL
Perene,-10.9492,-75.2261,90.03,43,69,5.28,broken clouds,PE
Khorixas,-20.3667,14.9667,81.09,17,0,19.53,clear sky,NA
Usinsk,65.9939,57.5281,46.15,91,100,13.06,light rain,RU
Salekhard,66.53,66.6019,46.56,83,100,17.16,overcast clouds,RU
Rocha,-34.4833,-54.3333,60.94,67,100,8.12,overcast clouds,UY
Malkerns,-26.5667,31.1833,59.72,83,100,4.94,light rain,SZ
Elbistan,38.2059,37.1983,73.8,40,0,5.1,clear sky,TR
Olafsvik,64.8945,-23.7142,50.09,88,89,15.7,overcast clouds,IS
Octeville,49.6261,-1.6435,69.58,83,100,3.44,light rain,FR
Bahia Honda,22.9036,-83.1592,88.84,59,51,6.78,broken clouds,CU
Natal,-5.795,-35.2094,84.85,61,40,13.8,scattered clouds,BR
Rio Cuarto,-33.1307,-64.3499,75.47,16,0,10.36,clear sky,AR
Sao Miguel Do Araguaia,-13.275,-50.1628,103.26,12,19,5.5,few clouds,BR
Kayerkan,69.3497,87.7602,35.53,100,97,8.1,overcast clouds,RU
Onguday,50.75,86.15,40.82,85,42,2.89,scattered clouds,RU
Barreirinha,-2.7933,-57.07,104.41,22,27,1.57,scattered clouds,BR
Giresun,40.5,38.5,49.14,95,46,10.63,scattered clouds,TR
Marawi,7.9986,124.2928,69.53,93,93,3.09,overcast clouds,PH
Solano,38.2333,-121.9511,80.08,52,20,17.27,few clouds,US
Jibuti,11.5,42.5,91.36,38,16,9.1,few clouds,DJ
Geraldton,-28.7667,114.6,61.21,88,75,18.41,broken clouds,AU
Mogadishu,2.0371,45.3438,76.68,86,98,18.43,overcast clouds,SO
Mehamn,71.0357,27.8492,42.71,75,75,2.3,broken clouds,NO
Huntington,38.4193,-82.4452,75.13,80,100,10.36,overcast clouds,US
Sorland,67.667,12.6934,51.66,81,100,13.06,overcast clouds,NO
Goderich,43.7501,-81.7165,66.9,81,97,14.25,overcast clouds,CA
Rypefjord,70.6333,23.6667,39.67,70,20,3.44,few clouds,NO
Maragogi,-9.0122,-35.2225,78.64,70,24,9.53,few clouds,BR
Laguna,38.421,-121.4238,80.96,53,0,5.75,clear sky,US
Lodja,-3.4833,23.4333,73.58,82,84,1.23,light rain,CD
Luanda,-8.8368,13.2343,71.92,81,22,11.5,few clouds,AO
Port-Cartier,50.0334,-66.8654,64.62,63,67,4.14,broken clouds,CA
Brae,60.3964,-1.353,53.58,77,38,15.19,scattered clouds,GB
Fort Oglethorpe,34.949,-85.2569,75.9,69,40,5.75,scattered clouds,US
Ati,13.2154,18.3353,92.91,41,98,3.6,overcast clouds,TD
Santarem,-2.4431,-54.7083,87.93,70,20,9.22,few clouds,BR
Koulikoro,14.0,-7.75,89.98,47,47,3.87,scattered clouds,ML
Le Port,-20.9373,55.2919,69.76,74,35,3.94,scattered clouds,RE
Skibbereen,51.55,-9.2667,68.11,88,100,10.85,overcast clouds,IE
Nouadhibou,20.931,-17.0347,73.2,85,31,22.86,scattered clouds,MR
Vadnagar,23.7833,72.6333,84.16,70,100,3.44,overcast clouds,IN
Ibra,22.6906,58.5334,89.44,39,43,11.59,scattered clouds,OM
Guarapari,-20.6667,-40.4975,72.9,69,69,7.72,broken clouds,BR
Strezhevoy,60.7333,77.5889,44.58,72,100,7.23,overcast clouds,RU
Bilma,18.6853,12.9164,100.65,12,8,8.08,clear sky,NE
Novoagansk,61.9449,76.6625,44.74,70,100,9.6,overcast clouds,RU
Dzaoudzi,-12.7887,45.2699,75.09,88,100,6.91,overcast clouds,YT
Prokudskoye,55.0089,82.4574,39.07,86,0,6.71,clear sky,RU
Buchanan,5.8808,-10.0467,79.74,75,56,10.0,broken clouds,LR
Hwange,-18.3693,26.5019,81.23,16,0,3.33,clear sky,ZW
Murgud,16.4,74.2,71.46,98,100,10.2,light rain,IN
San Rafael Del Sur,11.8485,-86.4384,85.78,63,47,2.01,scattered clouds,NI
Kutum,14.2,24.6667,86.56,23,60,5.61,broken clouds,SD
Hirna,9.2167,41.1,65.7,72,100,6.91,light rain,ET
Maunabo,18.0072,-65.8993,87.69,80,41,7.99,scattered clouds,PR
Keetmanshoop,-26.5833,18.1333,69.01,9,83,12.64,broken clouds,NA
Mubi,10.2676,13.2644,76.75,85,88,4.65,light rain,NG
Baie-Saint-Paul,47.4411,-70.4986,76.05,52,75,4.38,broken clouds,CA
Karabuk,41.2049,32.6277,62.64,88,98,2.71,overcast clouds,TR
Colares,38.7992,-9.4469,73.33,80,75,28.99,broken clouds,PT
Shirochanka,46.6497,38.3978,68.32,72,95,1.97,overcast clouds,RU
Pallisa,1.145,33.7094,69.91,81,97,5.5,light rain,UG
Fethiye,36.6217,29.1164,84.07,69,0,2.75,clear sky,TR
San Cristobal,7.7669,-72.225,82.58,39,22,5.57,few clouds,VE
Machico,32.7,-16.7667,78.01,76,40,5.75,scattered clouds,PT
Galle,6.0367,80.217,77.92,90,55,6.91,broken clouds,LK
Sumbal,34.2333,74.6333,62.74,61,0,3.02,clear sky,IN
Minas,-34.3759,-55.2377,63.46,54,95,6.11,overcast clouds,UY
Oranjemund,-28.55,16.4333,55.38,73,0,20.56,clear sky,NA
Inongo,-1.95,18.2667,73.33,77,70,0.36,broken clouds,CD
Pailon,-17.65,-62.75,89.28,26,64,3.47,broken clouds,BO
Havre-Saint-Pierre,50.2334,-63.5986,64.76,82,0,6.91,clear sky,CA
Jojoima,7.8792,-10.7878,79.27,87,84,5.06,light rain,SL
Salta,-24.7859,-65.4117,73.99,22,0,9.22,clear sky,AR
Jardim,-21.4803,-56.1381,93.72,26,59,6.71,broken clouds,BR
Senanga,-16.1167,23.2667,78.39,13,0,4.54,clear sky,ZM
Naberera,-4.2,36.9333,66.83,58,83,16.49,broken clouds,TZ
Bhiwandi,19.3,73.0667,80.46,96,100,4.74,light rain,IN
Kralendijk,12.15,-68.2667,91.38,55,20,16.11,few clouds,BQ
Enniscorthy,52.5008,-6.5578,69.82,97,100,7.78,overcast clouds,IE
Barcelos,41.5388,-8.6151,73.85,92,100,4.56,overcast clouds,PT
Gemena,3.25,19.7667,71.58,98,70,2.86,light rain,CD
Dogondoutchi,13.6393,4.0287,91.87,45,90,3.42,overcast clouds,NE
Puerto Cabezas,14.0351,-83.3888,87.93,64,57,9.15,broken clouds,NI
Grand Gaube,-20.0064,57.6608,70.2,70,7,3.0,clear sky,MU
Serebryansk,49.6925,83.2892,44.58,87,33,2.59,scattered clouds,KZ
Olinda,-8.0089,-34.8553,80.33,65,20,12.66,few clouds,BR
Grevesmuhlen,53.8667,11.1833,67.75,71,100,5.64,overcast clouds,DE
Sept-Iles,50.2001,-66.3821,64.92,87,100,10.36,mist,CA
Roanne,46.0,4.0,86.54,38,61,6.73,broken clouds,FR
Dharan,26.8125,87.2835,73.63,91,100,6.85,overcast clouds,NP
Matagami,49.7502,-77.6328,59.11,88,100,3.44,overcast clouds,CA
Gravdal,68.1214,13.5031,51.69,82,75,3.44,broken clouds,NO
Gwembe,-16.4975,27.6069,71.35,17,0,2.66,clear sky,ZM
Severodvinsk,64.5635,39.8302,50.11,72,100,9.6,overcast clouds,RU
Banda Aceh,5.5577,95.3222,79.5,79,90,5.66,overcast clouds,ID
Tonkino,57.3726,46.4629,51.24,57,94,4.92,overcast clouds,RU
Aksarka,66.5606,67.7975,46.29,84,100,18.99,overcast clouds,RU
Korla,41.7597,86.1469,74.82,28,71,19.57,broken clouds,CN
Quelimane,-17.8786,36.8883,75.15,83,0,10.36,clear sky,MZ
Macapa,0.0389,-51.0664,93.18,55,40,11.5,scattered clouds,BR
Ochakiv,46.6128,31.5498,63.07,61,73,20.24,broken clouds,UA
Garissa,-0.4536,39.6401,82.71,46,81,25.55,broken clouds,KE
Weston,26.1004,-80.3998,94.01,66,40,9.22,scattered clouds,US
Saint-Francois,46.4154,3.9054,89.04,29,0,2.3,clear sky,FR
Antalaha,-14.9003,50.2788,68.05,88,31,7.85,scattered clouds,MG
Kisanga,-7.4362,37.7034,78.85,51,69,7.36,broken clouds,TZ
Gazli,40.1333,63.45,67.28,25,0,15.95,clear sky,UZ
Druzhba,52.0428,33.9453,51.13,86,100,11.03,overcast clouds,UA
Moanda,-1.5575,13.2178,80.15,62,95,1.63,overcast clouds,GA
Serra Talhada,-7.9919,-38.2983,91.44,25,7,9.22,clear sky,BR
Virginia Beach,36.8529,-75.978,89.02,73,75,11.5,broken clouds,US
Otavi,-19.65,17.3333,79.29,9,0,7.61,clear sky,NA
Tres Rios,-22.1167,-43.2092,74.17,53,93,6.2,overcast clouds,BR
Black River,18.0264,-77.8487,88.41,60,78,6.67,broken clouds,JM
Rio Gallegos,-51.6226,-69.2181,50.05,37,20,8.05,few clouds,AR
Sao Sebastiao,-23.76,-45.4097,67.89,85,77,5.97,broken clouds,BR
Bereznik,62.8551,42.7072,50.94,79,96,4.43,overcast clouds,RU
Paramirim,-13.4425,-42.2389,91.08,14,48,11.7,scattered clouds,BR
Garowe,8.4054,48.4845,88.77,34,94,16.08,overcast clouds,SO
Abalak,58.1286,68.5944,46.09,67,100,3.51,overcast clouds,RU
Ndioum,16.5129,-14.6471,98.28,36,43,11.86,scattered clouds,SN
Yarmouth,41.7057,-70.2286,72.07,94,100,4.61,mist,US
Kerchevskiy,59.946,56.2884,45.88,81,91,4.27,overcast clouds,RU
Moose Factory,51.2585,-80.6094,71.6,46,0,11.5,clear sky,CA
Trinidad,-14.8333,-64.9,91.38,46,67,5.75,smoke,BO
Marzuq,14.4,46.4667,82.13,44,98,6.85,light rain,YE
Trelew,-43.249,-65.3051,55.71,45,12,16.91,few clouds,AR
Saint-Georges,12.0564,-61.7485,89.28,70,20,9.22,few clouds,GD
Qasigiannguit,68.8193,-51.1922,46.65,90,100,11.7,light rain,GL
Sire,12.9299,5.2043,89.11,56,20,4.9,few clouds,NG
Vila Velha,-20.3297,-40.2925,72.95,80,84,5.01,broken clouds,BR
Diu,20.7141,70.9822,77.56,94,100,12.48,moderate rain,IN
Akdepe,42.0551,59.3788,62.42,32,0,10.31,clear sky,TM
Llanes,43.4198,-4.7549,79.2,57,100,9.35,overcast clouds,ES
Tabivere,58.5542,26.5956,51.78,83,91,4.29,overcast clouds,EE
Tabou,4.423,-7.3528,77.22,79,98,10.25,overcast clouds,CI
Pennagaram,12.1333,77.9,73.42,76,96,3.29,overcast clouds,IN
San Lawrenz,36.0553,14.204,81.86,62,0,9.53,clear sky,MT
Babol,36.5513,52.679,76.98,78,0,0.0,clear sky,IR
Rundu,-17.9333,19.7667,78.48,10,0,4.47,clear sky,NA
Kuruman,-27.4524,23.4325,61.52,15,41,14.83,scattered clouds,ZA
Korem,12.5058,39.5228,64.02,54,100,1.7,overcast clouds,ET
Viedma,-40.8135,-62.9967,63.07,38,12,14.65,few clouds,AR
Iracoubo,5.4802,-53.2011,84.79,66,3,9.55,clear sky,GF
Caravelas,-17.7125,-39.2481,79.52,48,5,8.16,clear sky,BR
Dolores,-36.3132,-57.6792,64.42,40,84,4.16,light rain,AR
Sassandra,4.95,-6.0833,76.35,82,95,9.04,overcast clouds,CI
Blagodatnoye,45.3997,42.5867,71.62,61,78,20.62,broken clouds,RU
Allanridge,-27.7543,26.6438,59.61,27,94,9.28,overcast clouds,ZA
Dudinka,69.4058,86.1778,36.63,90,100,7.63,overcast clouds,RU
Canavieiras,-15.675,-38.9472,79.5,47,46,6.78,scattered clouds,BR
Cradock,-32.1642,25.6192,55.11,40,0,7.72,clear sky,ZA
Parabel,58.6978,81.4825,37.24,84,73,6.73,broken clouds,RU
Hearst,49.6835,-83.6665,68.25,44,46,2.71,scattered clouds,CA
Lambarene,-0.7001,10.2406,84.29,56,10,2.95,clear sky,GA
Maniitsoq,65.4167,-52.9,41.27,96,100,19.64,light rain,GL
Shetpe,44.1667,52.1167,68.76,19,1,17.09,clear sky,KZ
Aranos,-24.1333,19.1167,67.01,16,47,12.77,scattered clouds,NA
Iskateley,67.6803,53.1512,42.85,97,100,6.06,moderate rain,RU
Mitsamiouli,-11.3847,43.2844,76.01,72,59,3.06,light rain,KM
Domoni,-12.2569,44.5319,75.47,75,87,1.36,light rain,KM
Livadi,40.125,22.1517,61.68,49,20,4.09,few clouds,GR
Ambilobe,-13.2,49.05,71.2,68,44,3.18,scattered clouds,MG
Doha,25.2867,51.5333,95.31,59,0,3.44,clear sky,QA
Rehoboth,-23.3167,17.0833,70.43,17,5,13.76,clear sky,NA
Santa Lucia,27.9117,-15.5407,70.92,83,40,10.36,scattered clouds,ES
Qalyub,30.1792,31.2056,92.19,41,0,14.67,clear sky,EG
Bedesa,8.9,40.7833,68.0,69,100,5.19,overcast clouds,ET
Villazon,-22.0866,-65.5942,59.5,7,9,7.99,clear sky,BO
Yanam,16.7333,82.2167,80.55,80,99,7.72,overcast clouds,IN
Amel,50.3514,6.1681,71.89,52,45,4.61,scattered clouds,BE
Stromness,58.965,-3.296,53.87,82,49,15.99,scattered clouds,GB
Akureyri,65.6835,-18.0878,58.93,41,0,16.11,clear sky,IS
Soyo,-6.1349,12.3689,74.75,77,50,10.54,scattered clouds,AO
Debre Sina,9.85,39.7667,57.69,72,54,0.56,broken clouds,ET
Witu,-2.3889,40.4382,75.36,84,77,11.34,broken clouds,KE
Manadhoo,5.7667,73.3833,80.47,80,33,8.7,scattered clouds,MV
Am Timan,11.0297,20.2827,75.15,94,91,5.93,overcast clouds,TD
Gazojak,41.1875,61.4036,64.13,29,1,10.47,clear sky,TM
Barbacoas,1.6715,-78.1398,89.38,58,75,2.53,broken clouds,CO
Ouadda,8.0777,22.4007,68.47,95,100,0.65,overcast clouds,CF
Cafarnaum,-11.6936,-41.4683,87.73,20,6,10.0,clear sky,BR
Kuytun,54.3419,101.5036,46.0,91,100,10.13,overcast clouds,RU
Palm Coast,29.585,-81.2078,93.0,62,40,9.22,scattered clouds,US
Abonnema,4.7084,6.7931,78.57,81,91,10.51,light rain,NG
Greenwood,34.1668,-82.1165,84.36,69,75,11.5,broken clouds,US
Lamu,-2.2717,40.902,75.42,85,76,12.77,broken clouds,KE
Sinjar,36.3209,41.8754,89.38,16,0,9.6,clear sky,IQ
Clarence Town,-32.5833,151.7833,57.85,78,63,3.49,broken clouds,AU
Jizan,17.3333,42.6667,90.54,54,61,2.1,broken clouds,SA
Mugla,37.2303,28.3557,70.32,50,1,7.52,clear sky,TR
San Joaquin,37.9333,-121.3011,84.54,35,0,6.91,clear sky,US
Abu Dhabi,24.4667,54.3667,89.96,85,16,5.75,haze,AE
Tsabong,-26.0217,22.401,70.14,10,77,12.28,broken clouds,BW
Konosha,60.9736,40.257,48.18,74,29,4.47,scattered clouds,RU
Wageningen,51.9667,5.6667,75.06,60,75,5.75,broken clouds,NL
Slobodskoy,58.7322,50.1772,47.7,82,79,3.71,broken clouds,RU
North Vernon,39.0062,-85.6236,70.29,63,29,9.19,scattered clouds,US
Pergamino,-33.89,-60.5736,70.75,22,0,6.15,clear sky,AR
Touros,-5.1989,-35.4608,83.52,56,36,18.19,scattered clouds,BR
Kabare,-2.4683,28.8242,65.46,85,100,0.56,light rain,CD
Gondar,12.6,37.4667,60.66,81,91,4.43,light rain,ET
Krasnoselkup,65.7,82.4667,38.55,80,92,8.12,overcast clouds,RU
Petropavlovskaya,45.0819,40.4512,68.38,65,94,9.1,overcast clouds,RU
Albany,42.6001,-73.9662,72.88,83,100,0.67,overcast clouds,US
Adrar,20.5022,-10.0711,102.45,16,93,5.32,overcast clouds,MR
Ust-Ishim,57.6935,71.1665,39.38,74,43,2.44,scattered clouds,RU
Ecoporanga,-18.3733,-40.8306,75.24,64,96,5.95,overcast clouds,BR
Bethanien,-26.502,17.1583,67.03,11,79,8.84,broken clouds,NA
Banka,24.8833,86.9167,76.69,93,100,11.92,overcast clouds,IN
La Romana,18.4273,-68.9728,89.96,74,75,6.91,broken clouds,DO
Zhovti Vody,48.3473,33.5003,61.36,74,99,8.01,light rain,UA
Cascais,38.6979,-9.4215,73.51,80,75,28.99,light intensity drizzle,PT
Bentiu,9.2333,29.8333,74.1,92,73,4.09,light rain,SS
Shar,49.5886,81.0453,51.44,62,98,6.15,overcast clouds,KZ
Refojos De Basto,41.5132,-7.9952,67.89,80,100,5.79,overcast clouds,PT
Arsikere,13.3139,76.2561,67.89,86,100,12.68,light rain,IN
Imeni Babushkina,59.7573,43.1285,51.26,65,99,4.83,overcast clouds,RU
Lonevag,60.5262,5.4937,60.21,94,100,5.01,overcast clouds,NO
Muscat,23.6139,58.5922,91.42,61,97,5.37,overcast clouds,OM
Biscarrosse,44.3945,-1.1672,93.15,26,0,5.75,clear sky,FR
Dahra,36.2546,0.8519,99.79,23,36,6.08,scattered clouds,DZ
Kasongo-Lunda,-6.4667,16.8167,85.26,46,12,3.4,few clouds,CD
Laguna De Duero,41.5815,-4.7233,73.4,56,0,18.41,clear sky,ES
Pisco,-13.7,-76.2167,64.45,72,20,9.22,haze,PE
Corinto,37.9407,22.9573,80.89,56,4,4.63,clear sky,GR
Dondo,-19.6094,34.7431,73.33,75,0,10.09,clear sky,MZ
Kundian,32.4587,71.4775,93.34,41,1,5.48,clear sky,PK
Nueva Armenia,15.7956,-86.4985,86.18,54,97,5.44,overcast clouds,HN
Jurm,36.8648,70.8342,61.59,43,0,1.92,clear sky,AF
Opuwo,-18.0607,13.84,81.59,11,7,3.06,clear sky,NA
Korostyshiv,50.3172,29.0563,48.11,96,100,5.3,overcast clouds,UA
Hasanabad,36.5465,61.0543,68.22,19,0,0.0,clear sky,IR
Narasannapeta,18.4167,84.05,82.04,80,100,15.73,overcast clouds,IN
Sokoto,13.0609,5.239,90.01,54,22,4.7,few clouds,NG
Uusikaupunki,60.8004,21.4084,54.77,75,85,7.23,overcast clouds,FI
Enterprise,36.0252,-115.2419,79.65,70,75,4.61,broken clouds,US
Guayaramerin,-10.8368,-65.3614,91.45,49,40,5.75,smoke,BO
Loandjili,-4.7561,11.8578,75.9,77,58,10.4,broken clouds,CG
Kidal,18.4411,1.4078,103.91,8,68,9.8,broken clouds,ML
Dhanaura,28.9667,78.25,79.75,76,63,6.76,broken clouds,IN
Obidos,-1.9175,-55.5181,97.95,29,31,8.01,scattered clouds,BR
Calama,-22.4667,-68.9333,68.49,11,0,20.71,clear sky,CL
Ugoofaaru,5.6667,73.0,80.47,80,29,7.11,scattered clouds,MV
Mushie,-3.0167,16.9,80.04,60,81,3.31,light rain,CD
Bhatkal,13.9667,74.5667,78.28,89,89,15.12,overcast clouds,IN
Constantine,36.365,6.6147,92.61,19,40,9.22,scattered clouds,DZ
Marsh Harbour,26.5412,-77.0636,84.51,69,14,6.08,few clouds,BS
Sambava,-14.2667,50.1667,70.27,87,29,11.07,scattered clouds,MG
Raudeberg,61.9875,5.1352,58.96,1,100,9.95,overcast clouds,NO
Norden,53.6,7.2,72.95,53,100,1.01,overcast clouds,DE
Kigali,-1.95,30.0588,74.68,57,40,5.75,scattered clouds,RW
Lagos,6.5833,3.75,77.32,91,91,9.33,light rain,NG
Araouane,18.9048,-3.5265,105.53,13,91,6.04,overcast clouds,ML
Zhanaozen,43.3,52.8,67.59,19,2,18.75,clear sky,KZ
Saint-Paul,-21.0096,55.2707,69.89,76,41,1.63,scattered clouds,RE
Batticaloa,7.7102,81.6924,80.87,81,45,4.56,scattered clouds,LK
Bizhbulyak,53.6967,54.2642,47.97,71,99,2.1,overcast clouds,RU
Wajir,1.7471,40.0573,87.66,34,59,9.86,broken clouds,KE
Talara,-4.5772,-81.2719,75.96,57,0,24.16,clear sky,PE
Riviere-Au-Renard,48.9957,-64.3971,70.09,79,98,5.46,overcast clouds,CA
Storslett,69.7678,21.0247,41.0,81,0,4.61,clear sky,NO
La Ciotat,43.1748,5.6045,82.8,61,23,5.91,few clouds,FR
Pombas,17.1503,-25.0201,77.5,74,39,13.47,scattered clouds,CV
Altay,47.8667,88.1167,49.33,42,21,3.71,few clouds,CN
Alghero,40.5589,8.3181,80.69,74,0,6.91,clear sky,IT
Marrakesh,31.6315,-8.0083,86.07,39,75,6.91,broken clouds,MA
Bengkulu,-3.8004,102.2655,76.55,85,89,2.06,overcast clouds,ID
Qeshm,26.9581,56.2719,89.47,75,16,5.64,few clouds,IR
Parambu,-6.2111,-40.6944,95.04,20,12,6.73,few clouds,BR
Whitehaven,54.549,-3.5841,58.66,100,62,1.99,broken clouds,GB
Stornoway,58.2093,-6.3865,55.36,88,75,17.27,broken clouds,GB
Camopi,3.1655,-52.3158,97.03,30,5,2.95,clear sky,GF
Bealanana,-14.55,48.7333,55.99,90,54,2.98,broken clouds,MG
Halifax,44.6453,-63.5724,79.68,59,100,9.22,overcast clouds,CA
Ziarat,30.3823,67.7282,64.54,56,19,3.0,few clouds,PK
Bara,10.3744,10.7288,81.5,74,34,5.68,scattered clouds,NG
Kemin,42.7846,75.6892,52.83,57,82,1.77,light rain,KG
Ajdabiya,30.7554,20.2263,79.99,71,0,14.43,clear sky,LY
Kamenka,51.3223,42.7678,52.74,67,100,11.16,light rain,RU
Bukama,-9.2,25.85,85.8,37,49,4.07,scattered clouds,CD
Gazanjyk,39.2446,55.5154,74.26,15,0,23.85,clear sky,TM
Ginir,7.1333,40.7,65.23,67,100,4.32,overcast clouds,ET
Segou,13.4317,-6.2157,89.17,53,67,4.94,broken clouds,ML
Madinat Sittah Uktubar,29.8167,31.05,91.0,35,0,19.15,clear sky,EG
Narodychi,51.2029,29.0823,48.97,97,100,3.53,light rain,UA
Tornio,65.8481,24.1466,46.42,77,95,5.03,overcast clouds,FI
Eravur,7.7733,81.6095,80.47,81,51,4.43,broken clouds,LK
Padang,-0.9492,100.3543,77.76,85,100,2.55,light rain,ID
Blagoveshchenka,52.8333,79.8667,47.21,84,100,3.29,light rain,RU
Susangerd,31.5608,48.1831,100.51,8,0,15.41,clear sky,IR
Ust-Tsilma,65.441,52.1498,47.35,81,100,7.38,overcast clouds,RU
Tikrit,34.6071,43.6782,95.95,12,0,8.88,clear sky,IQ
Cravo Norte,6.3017,-70.2041,89.94,56,49,3.27,scattered clouds,CO
Kazanka,47.8462,32.8218,61.32,68,95,12.41,overcast clouds,UA
Kirkwall,58.9848,-2.9587,53.65,76,40,13.8,scattered clouds,GB
Hobyo,5.3505,48.5268,76.86,87,56,25.97,broken clouds,SO
Manono,-7.3,27.4167,81.64,52,92,2.57,light rain,CD
Aguas Vermelhas,-15.7472,-41.46,86.32,22,34,7.72,scattered clouds,BR
San Rafael,-34.6177,-68.3301,63.75,22,1,8.61,clear sky,AR
Pauini,-7.7136,-66.9764,100.67,30,22,2.19,few clouds,BR
Svetlyy,54.675,20.1347,55.45,70,7,6.17,clear sky,RU
Tara,56.8944,74.371,45.3,65,100,3.2,overcast clouds,RU
Gariaband,20.635,82.0614,74.34,93,98,9.04,overcast clouds,IN
Durban,-29.8579,31.0292,60.93,95,100,7.72,light rain,ZA
Mus,39.0,41.75,70.18,21,0,5.03,clear sky,TR
Santa Rosa,14.3122,121.1114,84.11,86,100,6.89,overcast clouds,PH
Coruripe,-10.1256,-36.1756,78.4,67,25,9.82,scattered clouds,BR
Marsabit,2.3284,37.9899,74.1,41,58,14.45,broken clouds,KE
Yol,32.1667,76.2,73.94,75,6,5.19,clear sky,IN
Tazmalt,36.3868,4.3989,91.99,27,97,8.3,overcast clouds,DZ
Taywarah,33.35,64.4167,55.71,22,4,1.88,clear sky,AF
Edelira,-26.75,-55.2667,76.21,34,63,4.59,broken clouds,PY
Jamundi,3.2607,-76.535,84.16,55,72,3.4,broken clouds,CO
Mahajanga,-15.7167,46.3167,77.02,69,20,0.0,few clouds,MG
General Pico,-35.6566,-63.7568,75.97,14,0,8.99,clear sky,AR
Pokhara,28.2333,83.9833,70.3,96,100,2.59,overcast clouds,NP
Esna,25.2934,32.554,94.21,15,0,9.86,clear sky,EG
Tyukhtet,56.5389,89.3011,38.55,88,97,8.01,overcast clouds,RU
Ndele,8.4109,20.6473,69.35,98,100,2.62,overcast clouds,CF
Neunkirchen,49.35,7.1833,76.75,46,0,3.44,clear sky,DE
Pietersburg,-23.9045,29.4688,61.65,63,0,8.05,clear sky,ZA
Tenkodogo,11.78,-0.3697,75.34,83,98,5.28,overcast clouds,BF
Offa,8.15,4.7167,73.26,92,99,6.62,heavy intensity rain,NG
Henties Bay,-22.116,14.2845,56.41,84,1,7.56,clear sky,NA
